,match_id,team_1,team_2,match_date,season_id,venue,toss_winner,toss_decision,win_type,win_margin,outcome_type,match_winner,man_of_the_match
0,419136,6,1,2010-03-29,3,Feroz Shah Kotla,6,bat,runs,40,Result,6,187
1,981004,2,4,2016-05-18,9,M Chinnaswamy Stadium,4,field,runs,82,Result,2,8
2,980992,2,13,2016-05-14,9,M Chinnaswamy Stadium,13,field,runs,144,Result,2,110
3,980912,2,11,2016-12-04,9,M Chinnaswamy Stadium,11,field,runs,45,Result,2,110
4,829790,2,4,2015-06-05,8,M Chinnaswamy Stadium,4,field,runs,138,Result,2,162
5,829750,2,3,2015-04-22,8,M Chinnaswamy Stadium,2,field,runs,27,Result,3,21
6,829742,2,7,2015-04-19,8,M Chinnaswamy Stadium,2,field,runs,18,Result,7,50
7,734010,2,6,2014-05-13,7,M Chinnaswamy Stadium,6,field,runs,16,Result,2,27
8,734038,4,5,2014-05-23,7,Punjab Cricket Association Stadium Mohali,5,field,runs,16,Result,4,100
9,598061,4,11,2013-11-05,6,Punjab Cricket Association Stadium Mohali,4,field,runs,30,Result,11,17
10,598021,4,1,2013-04-16,6,Punjab Cricket Association Stadium Mohali,1,field,runs,4,Result,4,120
11,501256,4,7,2011-10-05,4,Punjab Cricket Association Stadium Mohali,7,field,runs,76,Result,4,302
12,501225,4,5,2011-04-21,4,Punjab Cricket Association Stadium Mohali,5,field,runs,48,Result,4,100
13,419129,4,5,2010-03-24,3,Punjab Cricket Association Stadium Mohali,4,field,runs,31,Result,5,230
14,336024,4,5,2008-05-28,1,Punjab Cricket Association Stadium Mohali,5,field,runs,41,Result,4,100
15,335996,4,7,2008-04-25,1,Punjab Cricket Association Stadium Mohali,7,field,runs,66,Result,4,26
16,981020,11,1,2016-05-25,9,Feroz Shah Kotla,1,field,runs,22,Result,11,163
17,980956,6,1,2016-04-30,9,Feroz Shah Kotla,1,field,runs,27,Result,6,408
18,980950,6,13,2016-04-27,9,Feroz Shah Kotla,6,field,runs,1,Result,13,350
19,980938,6,7,2016-04-23,9,Feroz Shah Kotla,7,field,runs,10,Result,6,351
20,829752,6,7,2015-04-23,8,Feroz Shah Kotla,7,field,runs,37,Result,6,393
21,598059,6,2,2013-10-05,6,Feroz Shah Kotla,6,field,runs,4,Result,2,346
22,548377,6,2,2012-05-17,5,Feroz Shah Kotla,6,field,runs,21,Result,2,162
23,548347,6,7,2012-04-27,5,Feroz Shah Kotla,7,field,runs,37,Result,6,41
24,548338,6,10,2012-04-21,5,Feroz Shah Kotla,6,field,runs,20,Result,10,1
25,501235,6,1,2011-04-28,4,Feroz Shah Kotla,6,field,runs,17,Result,1,87
26,501228,6,4,2011-04-23,4,Feroz Shah Kotla,4,field,runs,29,Result,6,187
27,419119,6,7,2010-03-17,3,Feroz Shah Kotla,6,field,runs,98,Result,7,133
28,336025,6,8,2008-05-15,1,Feroz Shah Kotla,8,field,runs,12,Result,6,136
29,336003,6,2,2008-04-30,1,Feroz Shah Kotla,2,field,runs,10,Result,6,118
30,829810,7,1,2015-05-14,8,Wankhede Stadium,1,field,runs,5,Result,7,400
31,829774,7,5,2015-01-05,8,Wankhede Stadium,5,field,runs,8,Result,7,208
32,829722,7,4,2015-12-04,8,Wankhede Stadium,7,field,runs,18,Result,4,197
33,734052,3,4,2014-05-30,7,Wankhede Stadium,3,field,runs,24,Result,4,41
34,734036,7,6,2014-05-23,7,Wankhede Stadium,6,field,runs,15,Result,7,19
35,733988,7,2,2014-06-05,7,Wankhede Stadium,2,field,runs,19,Result,7,57
36,598068,7,5,2013-05-15,6,Wankhede Stadium,5,field,runs,14,Result,7,207
37,548375,7,1,2012-05-16,5,Wankhede Stadium,7,field,runs,32,Result,1,315
38,548322,7,5,2012-11-04,5,Wankhede Stadium,5,field,runs,27,Result,7,221
39,548313,7,10,2012-06-04,5,Wankhede Stadium,7,field,runs,28,Result,10,306
40,501251,7,6,2011-07-05,4,Wankhede Stadium,6,field,runs,32,Result,7,208
41,501242,7,4,2011-02-05,4,Wankhede Stadium,4,field,runs,23,Result,7,221
42,501226,7,3,2011-04-22,4,Wankhede Stadium,3,field,runs,8,Result,7,50
43,336043,6,5,2008-05-30,1,Wankhede Stadium,6,field,runs,105,Result,5,32
44,336033,7,4,2008-05-21,1,Wankhede Stadium,7,field,runs,1,Result,4,100
45,981014,1,11,2016-05-22,9,Eden Gardens,11,field,runs,22,Result,1,31
46,980968,1,4,2016-04-05,9,Eden Gardens,4,field,runs,7,Result,1,334
47,829828,7,3,2015-05-24,8,Eden Gardens,3,field,runs,41,Result,7,57
48,829786,1,11,2015-04-05,8,Eden Gardens,11,field,runs,35,Result,1,232
49,734048,4,1,2014-05-27,7,Eden Gardens,4,field,runs,28,Result,1,232
50,734032,1,2,2014-05-22,7,Eden Gardens,2,field,runs,30,Result,1,46
51,548328,1,4,2012-04-15,5,Eden Gardens,1,field,runs,2,Result,4,315
52,501224,1,9,2011-04-20,4,Eden Gardens,1,field,runs,6,Result,9,64
53,598010,5,1,2013-08-04,6,Sawai Mansingh Stadium,1,field,runs,19,Result,5,39
54,548341,5,2,2012-04-23,5,Sawai Mansingh Stadium,5,field,runs,46,Result,2,110
55,548317,5,1,2012-08-04,5,Sawai Mansingh Stadium,1,field,runs,22,Result,5,104
56,548314,5,4,2012-06-04,5,Sawai Mansingh Stadium,4,field,runs,31,Result,5,85
57,501254,5,3,2011-09-05,4,Sawai Mansingh Stadium,5,field,runs,63,Result,3,185
58,419155,5,7,2010-11-04,3,Sawai Mansingh Stadium,5,field,runs,37,Result,7,133
59,336028,5,2,2008-05-17,1,Sawai Mansingh Stadium,2,field,runs,65,Result,5,74
60,980958,11,2,2016-04-30,9,Rajiv Gandhi International Stadium Uppal,2,field,runs,15,Result,11,187
61,980948,11,12,2016-04-26,9,Rajiv Gandhi International Stadium Uppal,12,field,runs,34,Result,12,106
62,829778,11,3,2015-02-05,8,Rajiv Gandhi International Stadium Uppal,3,field,runs,22,Result,11,187
63,598056,11,3,2013-08-05,6,Rajiv Gandhi International Stadium Uppal,11,field,runs,77,Result,3,21
64,598005,11,10,2013-05-04,6,Rajiv Gandhi International Stadium Uppal,10,field,runs,22,Result,11,136
65,548381,8,2,2012-05-20,5,Rajiv Gandhi International Stadium Uppal,2,field,runs,9,Result,8,94
66,548364,8,4,2012-08-05,5,Rajiv Gandhi International Stadium Uppal,8,field,runs,25,Result,4,236
67,501244,8,1,2011-03-05,4,Rajiv Gandhi International Stadium Uppal,8,field,runs,20,Result,1,31
68,501229,8,7,2011-04-24,4,Rajiv Gandhi International Stadium Uppal,8,field,runs,37,Result,7,194
69,501213,8,2,2011-04-14,4,Rajiv Gandhi International Stadium Uppal,2,field,runs,33,Result,8,94
70,336029,8,7,2008-05-18,1,Rajiv Gandhi International Stadium Uppal,8,field,runs,25,Result,7,71
71,829770,3,1,2015-04-28,8,MA Chidambaram Stadium Chepauk,1,field,runs,2,Result,3,71
72,829712,3,6,2015-09-04,8,MA Chidambaram Stadium Chepauk,6,field,runs,1,Result,3,73
73,598039,3,1,2013-04-28,6,MA Chidambaram Stadium Chepauk,1,field,runs,14,Result,3,19
74,548385,6,3,2012-05-25,5,MA Chidambaram Stadium Chepauk,6,field,runs,86,Result,3,185
75,548335,3,10,2012-04-19,5,MA Chidambaram Stadium Chepauk,10,field,runs,13,Result,3,324
76,501275,2,7,2011-05-27,4,MA Chidambaram Stadium Chepauk,7,field,runs,43,Result,2,162
77,501231,3,10,2011-04-25,4,MA Chidambaram Stadium Chepauk,10,field,runs,25,Result,3,19
78,336018,3,4,2008-10-05,1,MA Chidambaram Stadium Chepauk,4,field,runs,18,Result,3,151
79,335994,3,7,2008-04-23,1,MA Chidambaram Stadium Chepauk,7,field,runs,6,Result,3,18
80,501246,10,7,2011-04-05,4,Dr DY Patil Sports Academy,10,field,runs,21,Result,7,235
81,419135,8,7,2010-03-28,3,Dr DY Patil Sports Academy,8,field,runs,41,Result,7,50
82,419111,8,1,2010-12-03,3,Dr DY Patil Sports Academy,8,field,runs,11,Result,1,191
83,336009,7,6,2008-04-05,1,Dr DY Patil Sports Academy,6,field,runs,29,Result,7,49
84,392186,3,7,2009-04-18,2,Newlands,3,field,runs,19,Result,7,133
85,392228,8,6,2009-05-13,2,Kingsmead,8,field,runs,12,Result,6,89
86,392215,4,5,2009-05-05,2,Kingsmead,4,field,runs,78,Result,5,74
87,392191,4,1,2009-04-21,2,Kingsmead,1,field,runs,11,Result,1,162
88,392207,3,5,2009-04-30,2,SuperSport Park,5,field,runs,38,Result,3,21
89,392244,2,8,2009-05-24,2,New Wanderers Stadium,2,field,runs,6,Result,8,124
90,392234,8,4,2009-05-17,2,New Wanderers Stadium,8,field,runs,1,Result,4,27
91,392211,3,6,2009-02-05,2,New Wanderers Stadium,6,field,runs,18,Result,3,186
92,829792,5,11,2015-07-05,8,Brabourne Stadium,5,field,runs,7,Result,11,216
93,829782,5,6,2015-03-05,8,Brabourne Stadium,6,field,runs,14,Result,5,85
94,734016,5,6,2014-05-15,7,Sardar Patel Stadium Motera,6,field,runs,62,Result,5,85
95,733994,5,11,2014-08-05,7,Sardar Patel Stadium Motera,5,field,runs,32,Result,11,299
96,733984,5,1,2014-05-05,7,Sardar Patel Stadium Motera,1,field,runs,10,Result,5,370
97,733992,4,3,2014-07-05,7,Barabati Stadium,3,field,runs,44,Result,4,305
98,419122,8,4,2010-03-19,3,Barabati Stadium,4,field,runs,6,Result,8,56
99,419156,8,2,2010-12-04,3,Vidarbha Cricket Association Stadium Jamtha,2,field,runs,13,Result,8,256
100,598071,4,7,2013-05-18,6,Himachal Pradesh Cricket Association Stadium,7,field,runs,50,Result,4,321
101,598033,4,6,2013-05-16,6,Himachal Pradesh Cricket Association Stadium,6,field,runs,7,Result,4,320
102,501269,4,8,2011-05-21,4,Himachal Pradesh Cricket Association Stadium,4,field,runs,82,Result,8,42
103,501262,4,6,2011-05-15,4,Himachal Pradesh Cricket Association Stadium,6,field,runs,29,Result,4,67
104,501247,9,1,2011-05-05,4,Nehru Stadium,1,field,runs,17,Result,9,104
105,501234,9,8,2011-04-27,4,Nehru Stadium,9,field,runs,55,Result,8,84
106,981002,12,6,2016-05-17,9,Dr. Y.S. Rajasekhara Reddy ACA-VDCA Cricket Stadium,12,field,runs,19,Result,12,106
107,980998,7,6,2016-05-15,9,Dr. Y.S. Rajasekhara Reddy ACA-VDCA Cricket Stadium,6,field,runs,80,Result,7,413
108,980978,7,11,2016-08-05,9,Dr. Y.S. Rajasekhara Reddy ACA-VDCA Cricket Stadium,7,field,runs,85,Result,11,73
109,829748,11,1,2015-04-22,8,Dr. Y.S. Rajasekhara Reddy ACA-VDCA Cricket Stadium,1,field,runs,16,Result,11,187
110,548316,8,3,2012-07-04,5,Dr. Y.S. Rajasekhara Reddy ACA-VDCA Cricket Stadium,8,field,runs,74,Result,3,35
111,598023,10,11,2013-04-17,6,Subrata Roy Sahara Stadium,10,field,runs,11,Result,11,136
112,548367,10,2,2012-11-05,5,Subrata Roy Sahara Stadium,10,field,runs,35,Result,2,162
113,598040,6,10,2013-04-28,6,Shaheed Veer Narayan Singh International Stadium,10,field,runs,15,Result,6,187
114,598066,1,10,2013-05-15,6,JSCA International Stadium Complex,1,field,runs,7,Result,10,96
115,729312,1,4,2014-04-26,7,Sheikh Zayed Stadium,1,field,runs,23,Result,4,367
116,729304,2,1,2014-04-24,7,Sharjah Cricket Stadium,2,field,runs,2,Result,1,336
117,729300,4,11,2014-04-22,7,Sharjah Cricket Stadium,11,field,runs,72,Result,4,305
118,729322,7,11,2014-04-30,7,Dubai International Cricket Stadium,7,field,runs,15,Result,11,299
119,729302,5,3,2014-04-23,7,Dubai International Cricket Stadium,5,field,runs,7,Result,3,35
120,980936,12,2,2016-04-22,9,Maharashtra Cricket Association Stadium,12,field,runs,13,Result,2,110
121,829714,4,5,2015-10-04,8,Maharashtra Cricket Association Stadium,4,field,runs,26,Result,5,310
122,980982,4,2,2016-09-05,9,Punjab Cricket Association IS Bindra Stadium Mohali,4,field,runs,1,Result,2,32
123,980976,4,6,2016-07-05,9,Punjab Cricket Association IS Bindra Stadium Mohali,6,field,runs,9,Result,4,409
124,980946,4,7,2016-04-25,9,Punjab Cricket Association IS Bindra Stadium Mohali,4,field,runs,25,Result,7,17
125,980960,13,4,2016-01-05,9,Saurashtra Cricket Association Stadium,13,field,runs,23,Result,4,374
126,733996,2,4,2014-09-05,7,M Chinnaswamy Stadium,2,field,runs,32,Result,4,367
127,598073,2,3,2013-05-18,6,M Chinnaswamy Stadium,3,field,runs,24,Result,2,8
128,598032,2,10,2013-04-23,6,M Chinnaswamy Stadium,10,field,runs,130,Result,2,162
129,598004,2,7,2013-04-04,6,M Chinnaswamy Stadium,7,field,runs,2,Result,2,162
130,548384,3,7,2012-05-23,5,M Chinnaswamy Stadium,7,field,runs,38,Result,3,20
131,548320,2,1,2012-10-04,5,M Chinnaswamy Stadium,2,field,runs,42,Result,1,151
132,548315,2,6,2012-07-04,5,M Chinnaswamy Stadium,6,field,runs,20,Result,2,110
133,501249,2,4,2011-06-05,4,M Chinnaswamy Stadium,4,field,runs,85,Result,2,162
134,501237,2,10,2011-04-29,4,M Chinnaswamy Stadium,10,field,runs,26,Result,2,8
135,419162,2,7,2010-04-17,3,M Chinnaswamy Stadium,2,field,runs,57,Result,7,210
136,419133,2,6,2010-03-25,3,M Chinnaswamy Stadium,2,field,runs,17,Result,6,237
137,419128,2,3,2010-03-23,3,M Chinnaswamy Stadium,3,field,runs,36,Result,2,46
138,336039,2,8,2008-03-05,1,M Chinnaswamy Stadium,8,field,runs,3,Result,2,14
139,335987,2,1,2008-04-18,1,M Chinnaswamy Stadium,2,field,runs,140,Result,1,2
140,829808,4,2,2015-05-13,8,Punjab Cricket Association Stadium Mohali,2,field,runs,22,Result,4,374
141,829764,4,11,2015-04-27,8,Punjab Cricket Association Stadium Mohali,4,field,runs,20,Result,11,458
142,336005,5,1,2008-01-05,1,Sawai Mansingh Stadium,5,bat,runs,45,Result,5,101
143,829824,2,5,2015-05-20,8,Maharashtra Cricket Association Stadium,2,bat,runs,71,Result,2,110
144,392225,8,5,2009-11-05,2,De Beers Diamond Oval,8,bat,runs,53,Result,8,147
145,392235,6,5,2009-05-17,2,OUTsurance Oval,6,bat,runs,14,Result,6,110
146,829804,11,4,2015-11-05,8,Rajiv Gandhi International Stadium Uppal,11,bat,runs,5,Result,11,187
147,548329,2,5,2012-04-15,5,M Chinnaswamy Stadium,5,bat,runs,59,Result,5,85
148,829816,5,1,2015-05-16,8,Brabourne Stadium,5,bat,runs,9,Result,5,32
149,598072,10,6,2013-05-19,6,Subrata Roy Sahara Stadium,10,bat,runs,38,Result,10,358
150,598070,11,5,2013-05-17,6,Rajiv Gandhi International Stadium Uppal,11,bat,runs,23,Result,11,136
151,598058,10,1,2013-09-05,6,Subrata Roy Sahara Stadium,1,bat,runs,46,Result,1,40
152,419157,7,6,2010-04-13,3,Brabourne Stadium,7,bat,runs,39,Result,7,221
153,419143,7,8,2010-03-04,3,Brabourne Stadium,7,bat,runs,63,Result,7,208
154,336001,2,3,2008-04-28,1,M Chinnaswamy Stadium,3,bat,runs,13,Result,3,20
155,598047,10,2,2013-02-05,6,Subrata Roy Sahara Stadium,2,bat,runs,17,Result,2,110
156,598043,10,3,2013-04-30,6,Subrata Roy Sahara Stadium,3,bat,runs,37,Result,3,20
157,829780,4,7,2015-03-05,8,Punjab Cricket Association Stadium Mohali,7,bat,runs,23,Result,7,383
158,419112,7,5,2010-03-13,3,Brabourne Stadium,7,bat,runs,4,Result,7,31
159,729284,7,1,2014-04-16,7,Sheikh Zayed Stadium,1,bat,runs,41,Result,1,9
160,336019,8,1,2008-11-05,1,Rajiv Gandhi International Stadium Uppal,1,bat,runs,23,Result,1,1
161,734022,5,7,2014-05-19,7,Sardar Patel Stadium Motera,7,bat,runs,25,Result,7,19
162,548359,4,5,2012-05-05,5,Punjab Cricket Association Stadium Mohali,5,bat,runs,43,Result,5,32
163,829802,3,5,2015-10-05,8,MA Chidambaram Stadium Chepauk,3,bat,runs,12,Result,3,35
164,829784,3,2,2015-04-05,8,MA Chidambaram Stadium Chepauk,3,bat,runs,24,Result,3,21
165,829758,3,4,2015-04-25,8,MA Chidambaram Stadium Chepauk,3,bat,runs,97,Result,3,2
166,419132,4,1,2010-03-27,3,Punjab Cricket Association Stadium Mohali,1,bat,runs,39,Result,1,87
167,829716,3,11,2015-11-04,8,MA Chidambaram Stadium Chepauk,3,bat,runs,45,Result,3,2
168,598067,3,6,2013-05-14,6,MA Chidambaram Stadium Chepauk,3,bat,runs,33,Result,3,20
169,598046,3,4,2013-02-05,6,MA Chidambaram Stadium Chepauk,3,bat,runs,15,Result,3,21
170,336008,4,1,2008-03-05,1,Punjab Cricket Association Stadium Mohali,4,bat,runs,9,Result,4,29
171,548383,6,1,2012-05-22,5,Subrata Roy Sahara Stadium,1,bat,runs,18,Result,1,31
172,335988,4,3,2008-04-19,1,Punjab Cricket Association Stadium Mohali,3,bat,runs,33,Result,3,19
173,598020,3,10,2013-04-15,6,MA Chidambaram Stadium Chepauk,10,bat,runs,24,Result,10,306
174,419134,5,3,2010-03-28,3,Sardar Patel Stadium Motera,5,bat,runs,17,Result,5,183
175,598007,3,7,2013-06-04,6,MA Chidambaram Stadium Chepauk,7,bat,runs,9,Result,7,221
176,419123,5,1,2010-03-20,3,Sardar Patel Stadium Motera,5,bat,runs,34,Result,5,211
177,548357,3,8,2012-04-05,5,MA Chidambaram Stadium Chepauk,3,bat,runs,10,Result,3,21
178,548348,3,4,2012-04-28,5,MA Chidambaram Stadium Chepauk,4,bat,runs,7,Result,4,236
179,548380,10,1,2012-05-19,5,Subrata Roy Sahara Stadium,1,bat,runs,34,Result,1,276
180,501276,3,2,2011-05-28,4,MA Chidambaram Stadium Chepauk,3,bat,runs,58,Result,3,185
181,598075,3,7,2013-05-21,6,Feroz Shah Kotla,3,bat,runs,48,Result,3,19
182,501266,3,9,2011-05-18,4,MA Chidambaram Stadium Chepauk,3,bat,runs,11,Result,3,62
183,598025,6,3,2013-04-18,6,Feroz Shah Kotla,3,bat,runs,86,Result,3,19
184,598006,6,5,2013-06-04,6,Feroz Shah Kotla,5,bat,runs,5,Result,5,6
185,501258,3,6,2011-12-05,4,MA Chidambaram Stadium Chepauk,3,bat,runs,18,Result,3,20
186,548350,6,5,2012-04-29,5,Feroz Shah Kotla,6,bat,runs,1,Result,6,41
187,501241,3,8,2011-01-05,4,MA Chidambaram Stadium Chepauk,3,bat,runs,19,Result,3,109
188,548356,10,7,2012-03-05,5,Subrata Roy Sahara Stadium,7,bat,runs,1,Result,7,194
189,501216,3,2,2011-04-16,4,MA Chidambaram Stadium Chepauk,3,bat,runs,21,Result,3,19
190,501203,3,1,2011-08-04,4,MA Chidambaram Stadium Chepauk,3,bat,runs,2,Result,3,125
191,501221,6,8,2011-04-19,4,Feroz Shah Kotla,8,bat,runs,16,Result,8,65
192,419165,6,8,2010-04-18,3,Feroz Shah Kotla,8,bat,runs,11,Result,8,56
193,419145,6,2,2010-04-04,3,Feroz Shah Kotla,6,bat,runs,37,Result,6,241
194,419139,6,5,2010-03-31,3,Feroz Shah Kotla,6,bat,runs,67,Result,6,88
195,419147,3,7,2010-06-04,3,MA Chidambaram Stadium Chepauk,3,bat,runs,24,Result,3,21
196,419142,3,5,2010-03-04,3,MA Chidambaram Stadium Chepauk,3,bat,runs,23,Result,3,185
197,336027,6,4,2008-05-17,1,Feroz Shah Kotla,6,bat,runs,6,Result,4,64
198,419115,3,8,2010-03-14,3,MA Chidambaram Stadium Chepauk,8,bat,runs,31,Result,8,60
199,336038,3,5,2008-05-24,1,MA Chidambaram Stadium Chepauk,5,bat,runs,10,Result,5,109
200,981024,2,11,2016-05-29,9,M Chinnaswamy Stadium,11,bat,runs,8,Result,11,385
201,336034,3,2,2008-05-21,1,MA Chidambaram Stadium Chepauk,2,bat,runs,14,Result,2,124
202,548353,8,10,2012-01-05,5,Barabati Stadium,8,bat,runs,13,Result,8,26
203,829822,3,7,2015-05-19,8,Wankhede Stadium,7,bat,runs,25,Result,7,221
204,548346,10,8,2012-04-26,5,Subrata Roy Sahara Stadium,8,bat,runs,18,Result,8,10
205,829800,7,2,2015-10-05,8,Wankhede Stadium,2,bat,runs,39,Result,2,110
206,829756,7,11,2015-04-25,8,Wankhede Stadium,7,bat,runs,20,Result,7,194
207,419125,8,6,2010-03-21,3,Barabati Stadium,8,bat,runs,10,Result,8,56
208,419146,8,5,2010-05-04,3,Vidarbha Cricket Association Stadium Jamtha,5,bat,runs,2,Result,5,38
209,598055,7,1,2013-07-05,6,Wankhede Stadium,7,bat,runs,65,Result,7,133
210,598051,7,3,2013-05-05,6,Wankhede Stadium,7,bat,runs,60,Result,7,357
211,598042,7,4,2013-04-29,6,Wankhede Stadium,7,bat,runs,4,Result,7,57
212,598038,7,2,2013-04-27,6,Wankhede Stadium,7,bat,runs,58,Result,7,147
213,598016,7,10,2013-04-13,6,Wankhede Stadium,7,bat,runs,41,Result,7,57
214,598011,7,6,2013-09-04,6,Wankhede Stadium,7,bat,runs,44,Result,7,88
215,419170,3,7,2010-04-25,3,Dr DY Patil Sports Academy,3,bat,runs,22,Result,3,21
216,419168,3,8,2010-04-22,3,Dr DY Patil Sports Academy,3,bat,runs,38,Result,3,248
217,419167,2,7,2010-04-21,3,Dr DY Patil Sports Academy,7,bat,runs,35,Result,7,221
218,548318,10,4,2012-08-04,5,Subrata Roy Sahara Stadium,10,bat,runs,22,Result,10,307
219,501261,7,8,2011-05-14,4,Wankhede Stadium,8,bat,runs,10,Result,8,136
220,829798,6,11,2015-09-05,8,Shaheed Veer Narayan Singh International Stadium,11,bat,runs,6,Result,11,163
221,501265,4,2,2011-05-17,4,Himachal Pradesh Cricket Association Stadium,4,bat,runs,111,Result,4,53
222,392200,4,5,2009-04-26,2,Newlands,4,bat,runs,27,Result,4,26
223,392193,2,8,2009-04-22,2,Newlands,8,bat,runs,24,Result,8,53
224,392187,2,5,2009-04-18,2,Newlands,2,bat,runs,75,Result,2,6
225,392223,2,7,2009-10-05,2,St George's Park,7,bat,runs,16,Result,7,154
226,392202,1,7,2009-04-27,2,St George's Park,7,bat,runs,92,Result,7,133
227,392190,2,3,2009-04-20,2,St George's Park,3,bat,runs,92,Result,3,121
228,829766,1,6,2015-07-05,8,Eden Gardens,1,bat,runs,13,Result,1,67
229,392239,3,4,2009-05-20,2,Kingsmead,3,bat,runs,24,Result,3,121
230,392230,7,5,2009-05-14,2,Kingsmead,5,bat,runs,2,Result,5,38
231,501238,9,6,2011-04-30,4,Nehru Stadium,6,bat,runs,38,Result,6,41
232,598078,3,7,2013-05-26,6,Eden Gardens,7,bat,runs,23,Result,7,221
233,598018,1,11,2013-04-14,6,Eden Gardens,1,bat,runs,48,Result,1,40
234,392209,2,4,2009-01-05,2,Kingsmead,2,bat,runs,8,Result,2,27
235,392205,4,7,2009-04-29,2,Kingsmead,4,bat,runs,3,Result,4,26
236,548368,1,7,2012-12-05,5,Eden Gardens,7,bat,runs,27,Result,7,57
237,548358,1,10,2012-05-05,5,Eden Gardens,1,bat,runs,7,Result,1,315
238,548349,1,2,2012-04-28,5,Eden Gardens,1,bat,runs,47,Result,1,40
239,392197,8,7,2009-04-25,2,Kingsmead,8,bat,runs,12,Result,8,131
240,501250,1,3,2011-07-05,4,Eden Gardens,3,bat,runs,10,Result,1,140
241,392194,3,6,2009-04-23,2,Kingsmead,6,bat,runs,9,Result,6,110
242,501208,1,8,2011-11-04,4,Eden Gardens,1,bat,runs,9,Result,1,9
243,419149,1,6,2010-07-04,3,Eden Gardens,1,bat,runs,14,Result,1,1
244,419140,1,8,2010-01-04,3,Eden Gardens,1,bat,runs,24,Result,1,1
245,419118,1,3,2010-03-16,3,Eden Gardens,3,bat,runs,55,Result,3,20
246,392241,2,8,2009-05-21,2,SuperSport Park,2,bat,runs,12,Result,2,96
247,733976,3,1,2014-02-05,7,JSCA International Stadium Complex,3,bat,runs,34,Result,3,35
248,336030,1,3,2008-05-18,1,Eden Gardens,1,bat,runs,3,Result,3,122
249,336022,1,6,2008-05-13,1,Eden Gardens,1,bat,runs,23,Result,1,144
250,336015,1,2,2008-08-05,1,Eden Gardens,1,bat,runs,5,Result,1,1
251,598024,5,7,2013-04-17,6,Sawai Mansingh Stadium,5,bat,runs,87,Result,5,85
252,392219,3,4,2009-07-05,2,SuperSport Park,3,bat,runs,12,Result,3,18
253,548370,5,10,2012-05-13,5,Sawai Mansingh Stadium,5,bat,runs,45,Result,5,335
254,392217,8,7,2009-06-05,2,SuperSport Park,8,bat,runs,19,Result,8,57
255,392214,3,8,2009-04-05,2,Buffalo Park,3,bat,runs,78,Result,3,20
256,392208,1,7,2009-01-05,2,Buffalo Park,7,bat,runs,9,Result,7,154
257,980984,12,11,2016-10-05,9,Dr. Y.S. Rajasekhara Reddy ACA-VDCA Cricket Stadium,11,bat,runs,4,Result,11,430
258,729306,11,6,2014-04-25,7,Dubai International Cricket Stadium,11,bat,runs,4,Result,11,254
259,729298,3,6,2014-04-21,7,Sheikh Zayed Stadium,3,bat,runs,93,Result,3,21
260,829736,11,6,2015-04-18,8,Dr. Y.S. Rajasekhara Reddy ACA-VDCA Cricket Stadium,6,bat,runs,4,Result,6,154
261,980954,12,13,2016-04-29,9,Maharashtra Cricket Association Stadium,13,field,wickets,3,Result,13,147
262,980944,12,1,2016-04-24,9,Maharashtra Cricket Association Stadium,1,field,wickets,2,Result,1,308
263,598077,7,5,2013-05-24,6,Eden Gardens,5,bat,wickets,4,Result,7,50
264,829738,4,1,2015-04-18,8,Maharashtra Cricket Association Stadium,1,field,wickets,4,Result,1,334
265,598048,1,5,2013-03-05,6,Eden Gardens,5,bat,wickets,8,Result,1,31
266,598036,1,4,2013-04-26,6,Eden Gardens,4,bat,wickets,6,Result,1,9
267,419138,3,2,2010-03-31,3,MA Chidambaram Stadium Chepauk,2,bat,wickets,5,Result,3,185
268,598034,1,7,2013-04-24,6,Eden Gardens,1,bat,wickets,5,Result,7,147
269,980930,4,1,2016-04-19,9,Punjab Cricket Association IS Bindra Stadium Mohali,1,field,wickets,6,Result,1,46
270,980910,4,13,2016-11-04,9,Punjab Cricket Association IS Bindra Stadium Mohali,13,field,wickets,5,Result,13,254
271,980966,13,6,2016-03-05,9,Saurashtra Cricket Association Stadium,6,field,wickets,8,Result,6,420
272,598027,1,3,2013-04-20,6,Eden Gardens,1,bat,wickets,4,Result,3,35
273,980934,13,11,2016-04-21,9,Saurashtra Cricket Association Stadium,11,field,wickets,10,Result,11,299
274,981012,13,7,2016-05-21,9,Green Park,13,field,wickets,6,Result,13,21
275,981006,13,1,2016-05-19,9,Green Park,13,field,wickets,6,Result,13,147
276,335989,6,5,2008-04-19,1,Feroz Shah Kotla,5,bat,wickets,9,Result,6,90
277,733982,2,11,2014-04-05,7,M Chinnaswamy Stadium,2,field,wickets,4,Result,2,110
278,392227,4,7,2009-12-05,2,SuperSport Park,4,bat,wickets,8,Result,7,50
279,598050,2,4,2013-05-14,6,M Chinnaswamy Stadium,4,field,wickets,7,Result,4,53
280,598037,5,11,2013-04-27,6,Sawai Mansingh Stadium,11,bat,wickets,8,Result,5,310
281,598028,2,5,2013-04-20,6,M Chinnaswamy Stadium,2,field,wickets,7,Result,2,81
282,598013,2,1,2013-11-04,6,M Chinnaswamy Stadium,2,field,wickets,8,Result,2,162
283,392213,2,7,2009-03-05,2,New Wanderers Stadium,7,bat,wickets,9,Result,2,9
284,980906,7,12,2016-09-04,9,Wankhede Stadium,7,bat,wickets,9,Result,12,85
285,548372,2,7,2012-05-14,5,M Chinnaswamy Stadium,7,field,wickets,5,Result,7,208
286,548361,2,8,2012-06-05,5,M Chinnaswamy Stadium,2,field,wickets,5,Result,2,110
287,548355,2,4,2012-02-05,5,M Chinnaswamy Stadium,4,field,wickets,4,Result,4,321
288,980996,4,11,2016-05-15,9,Punjab Cricket Association IS Bindra Stadium Mohali,4,bat,wickets,7,Result,11,427
289,501209,5,6,2011-12-04,4,Sawai Mansingh Stadium,6,bat,wickets,6,Result,5,38
290,501271,2,3,2011-05-22,4,M Chinnaswamy Stadium,2,field,wickets,8,Result,2,162
291,501260,2,1,2011-05-14,4,M Chinnaswamy Stadium,2,field,wickets,4,Result,2,162
292,548382,5,7,2012-05-20,5,Sawai Mansingh Stadium,5,bat,wickets,10,Result,7,147
293,829788,7,6,2015-05-05,8,Wankhede Stadium,6,bat,wickets,5,Result,7,50
294,501210,2,7,2011-12-04,4,M Chinnaswamy Stadium,7,field,wickets,9,Result,7,133
295,336006,3,6,2008-02-05,1,MA Chidambaram Stadium Chepauk,3,bat,wickets,8,Result,6,41
296,419153,2,1,2010-10-04,3,M Chinnaswamy Stadium,2,field,wickets,7,Result,2,81
297,419150,2,8,2010-08-04,3,M Chinnaswamy Stadium,8,field,wickets,7,Result,8,178
298,392204,2,1,2009-04-29,2,Kingsmead,1,bat,wickets,5,Result,2,11
299,829734,7,3,2015-04-17,8,Wankhede Stadium,7,bat,wickets,6,Result,3,73
300,419120,2,5,2010-03-18,3,M Chinnaswamy Stadium,2,field,wickets,10,Result,2,9
301,335998,3,1,2008-04-26,1,MA Chidambaram Stadium Chepauk,1,bat,wickets,9,Result,3,22
302,336031,2,6,2008-05-19,1,M Chinnaswamy Stadium,6,field,wickets,5,Result,6,132
303,336017,2,7,2008-05-28,1,M Chinnaswamy Stadium,7,field,wickets,9,Result,7,149
304,336011,2,4,2008-05-05,1,M Chinnaswamy Stadium,4,field,wickets,6,Result,4,77
305,335997,2,5,2008-04-26,1,M Chinnaswamy Stadium,5,field,wickets,7,Result,5,32
306,548325,1,5,2012-04-13,5,Eden Gardens,5,bat,wickets,5,Result,1,276
307,548342,10,6,2012-04-24,5,Subrata Roy Sahara Stadium,10,bat,wickets,8,Result,6,41
308,981018,13,2,2016-05-24,9,M Chinnaswamy Stadium,2,field,wickets,4,Result,2,110
309,548327,10,3,2012-04-14,5,Subrata Roy Sahara Stadium,3,bat,wickets,7,Result,10,157
310,734004,2,5,2014-11-05,7,M Chinnaswamy Stadium,2,bat,wickets,5,Result,5,310
311,980986,2,7,2016-11-05,9,M Chinnaswamy Stadium,7,field,wickets,6,Result,7,413
312,980974,2,12,2016-07-05,9,M Chinnaswamy Stadium,2,field,wickets,7,Result,2,8
313,980964,2,1,2016-02-05,9,M Chinnaswamy Stadium,1,field,wickets,5,Result,1,334
314,980926,2,6,2016-04-17,9,M Chinnaswamy Stadium,6,field,wickets,7,Result,6,355
315,419152,8,3,2010-10-04,3,Vidarbha Cricket Association Stadium Jamtha,3,bat,wickets,6,Result,8,188
316,335992,5,4,2008-04-21,1,Sawai Mansingh Stadium,4,bat,wickets,6,Result,5,32
317,829776,2,1,2015-02-05,8,M Chinnaswamy Stadium,2,field,wickets,7,Result,2,236
318,501233,10,3,2011-04-27,4,Dr DY Patil Sports Academy,10,bat,wickets,8,Result,3,248
319,598053,2,11,2013-09-04,6,M Chinnaswamy Stadium,11,bat,wickets,7,Result,2,8
320,829724,2,11,2015-04-13,8,M Chinnaswamy Stadium,11,field,wickets,8,Result,11,187
321,734054,1,4,2014-01-06,7,M Chinnaswamy Stadium,1,field,wickets,3,Result,1,96
322,734040,2,3,2014-05-24,7,M Chinnaswamy Stadium,3,field,wickets,8,Result,3,20
323,733978,7,4,2014-03-05,7,Wankhede Stadium,4,bat,wickets,5,Result,7,372
324,734044,4,6,2014-05-25,7,Punjab Cricket Association Stadium Mohali,4,field,wickets,7,Result,4,345
325,392222,3,5,2009-09-05,2,De Beers Diamond Oval,5,bat,wickets,7,Result,3,23
326,734030,4,7,2014-05-21,7,Punjab Cricket Association Stadium Mohali,7,field,wickets,7,Result,7,383
327,598069,4,2,2013-06-05,6,Punjab Cricket Association Stadium Mohali,4,field,wickets,6,Result,4,320
328,548319,8,7,2012-09-04,5,Dr. Y.S. Rajasekhara Reddy ACA-VDCA Cricket Stadium,8,bat,wickets,5,Result,7,57
329,598057,4,5,2013-09-05,6,Punjab Cricket Association Stadium Mohali,5,field,wickets,8,Result,5,309
330,598030,4,10,2013-04-21,6,Punjab Cricket Association Stadium Mohali,4,field,wickets,7,Result,4,320
331,734018,3,2,2014-05-18,7,JSCA International Stadium Complex,3,bat,wickets,5,Result,2,110
332,598012,4,3,2013-10-04,6,Punjab Cricket Association Stadium Mohali,3,field,wickets,10,Result,3,19
333,548336,4,2,2012-04-20,5,Punjab Cricket Association Stadium Mohali,2,field,wickets,5,Result,2,162
334,548324,4,10,2012-12-04,5,Punjab Cricket Association Stadium Mohali,4,field,wickets,7,Result,4,137
335,729288,3,4,2014-04-18,7,Sheikh Zayed Stadium,3,bat,wickets,6,Result,4,305
336,980920,11,1,2016-04-16,9,Rajiv Gandhi International Stadium Uppal,11,bat,wickets,8,Result,1,40
337,501211,4,3,2011-04-13,4,Punjab Cricket Association Stadium Mohali,4,field,wickets,6,Result,4,167
338,829820,11,7,2015-05-17,8,Rajiv Gandhi International Stadium Uppal,11,bat,wickets,9,Result,7,403
339,419113,4,6,2010-03-13,3,Punjab Cricket Association Stadium Mohali,6,field,wickets,5,Result,6,40
340,336036,4,8,2008-05-23,1,Punjab Cricket Association Stadium Mohali,4,field,wickets,6,Result,4,100
341,829812,11,2,2015-05-15,8,Rajiv Gandhi International Stadium Uppal,11,bat,wickets,6,Result,2,8
342,598065,7,11,2013-05-13,6,Wankhede Stadium,11,bat,wickets,7,Result,7,221
343,981022,13,11,2016-05-27,9,Feroz Shah Kotla,11,field,wickets,4,Result,11,187
344,548332,2,10,2012-04-17,5,M Chinnaswamy Stadium,10,bat,wickets,6,Result,2,162
345,980970,6,12,2016-05-05,9,Feroz Shah Kotla,12,field,wickets,7,Result,12,85
346,419159,5,2,2010-04-14,3,Sawai Mansingh Stadium,5,bat,wickets,5,Result,2,158
347,981010,12,4,2016-05-21,9,Dr. Y.S. Rajasekhara Reddy ACA-VDCA Cricket Stadium,4,bat,wickets,4,Result,12,20
348,734026,11,2,2014-05-20,7,Rajiv Gandhi International Stadium Uppal,2,bat,wickets,7,Result,11,187
349,980918,6,4,2016-04-15,9,Feroz Shah Kotla,6,field,wickets,8,Result,6,136
350,829772,6,4,2015-01-05,8,Feroz Shah Kotla,6,field,wickets,9,Result,6,371
351,829762,6,2,2015-04-26,8,Feroz Shah Kotla,2,field,wickets,10,Result,2,296
352,734020,11,1,2014-05-18,7,Rajiv Gandhi International Stadium Uppal,11,bat,wickets,7,Result,1,232
353,829744,6,1,2015-04-20,8,Feroz Shah Kotla,1,field,wickets,6,Result,1,232
354,829720,6,5,2015-12-04,8,Feroz Shah Kotla,5,field,wickets,3,Result,5,394
355,734024,6,4,2014-05-19,7,Feroz Shah Kotla,4,field,wickets,4,Result,4,374
356,733998,6,11,2014-10-05,7,Feroz Shah Kotla,11,field,wickets,8,Result,11,94
357,733986,6,3,2014-05-05,7,Feroz Shah Kotla,3,field,wickets,8,Result,3,147
358,733980,6,5,2014-03-05,7,Feroz Shah Kotla,5,field,wickets,7,Result,5,339
359,598064,6,4,2013-04-23,6,Feroz Shah Kotla,4,field,wickets,5,Result,4,256
360,392196,2,4,2009-04-24,2,Kingsmead,2,bat,wickets,7,Result,4,161
361,501252,2,9,2011-08-05,4,M Chinnaswamy Stadium,9,bat,wickets,9,Result,2,162
362,734006,11,7,2014-12-05,7,Rajiv Gandhi International Stadium Uppal,11,bat,wickets,7,Result,7,208
363,598074,11,1,2013-05-19,6,Rajiv Gandhi International Stadium Uppal,1,bat,wickets,5,Result,11,17
364,548321,6,3,2012-10-04,5,Feroz Shah Kotla,6,field,wickets,8,Result,6,190
365,501243,6,9,2011-02-05,4,Feroz Shah Kotla,9,field,wickets,7,Result,9,294
366,548354,5,6,2012-01-05,5,Sawai Mansingh Stadium,5,bat,wickets,6,Result,6,322
367,501232,6,2,2011-04-26,4,Feroz Shah Kotla,2,field,wickets,3,Result,2,8
368,598060,10,7,2013-11-05,6,Subrata Roy Sahara Stadium,10,bat,wickets,5,Result,7,357
369,598049,11,6,2013-04-05,6,Rajiv Gandhi International Stadium Uppal,6,bat,wickets,6,Result,11,362
370,336037,6,7,2008-05-24,1,Feroz Shah Kotla,6,field,wickets,5,Result,6,88
371,598044,11,7,2013-01-05,6,Rajiv Gandhi International Stadium Uppal,7,bat,wickets,7,Result,11,84
372,336014,6,3,2008-08-05,1,Feroz Shah Kotla,3,field,wickets,4,Result,3,20
373,598026,11,4,2013-04-19,6,Rajiv Gandhi International Stadium Uppal,4,bat,wickets,5,Result,11,340
374,980932,7,2,2016-04-20,9,Wankhede Stadium,7,field,wickets,6,Result,7,57
375,980922,7,13,2016-04-16,9,Wankhede Stadium,13,field,wickets,3,Result,13,254
376,734008,3,5,2014-05-13,7,JSCA International Stadium Complex,5,bat,wickets,5,Result,3,35
377,501205,9,2,2011-09-04,4,Nehru Stadium,9,bat,wickets,6,Result,2,110
378,419117,2,4,2010-03-16,3,M Chinnaswamy Stadium,4,bat,wickets,8,Result,2,9
379,548378,8,5,2012-05-18,5,Rajiv Gandhi International Stadium Uppal,5,bat,wickets,5,Result,8,94
380,734046,7,5,2014-05-25,7,Wankhede Stadium,7,field,wickets,5,Result,7,372
381,501212,10,9,2011-04-13,4,Dr DY Patil Sports Academy,9,bat,wickets,4,Result,10,231
382,734000,7,3,2014-10-05,7,Wankhede Stadium,3,field,wickets,4,Result,3,147
383,548334,8,6,2012-10-05,5,Rajiv Gandhi International Stadium Uppal,8,bat,wickets,9,Result,6,187
384,501255,8,10,2011-10-05,4,Rajiv Gandhi International Stadium Uppal,8,bat,wickets,6,Result,10,253
385,501207,10,4,2011-10-04,4,Dr DY Patil Sports Academy,4,bat,wickets,7,Result,10,273
386,548365,7,2,2012-09-05,5,Wankhede Stadium,2,field,wickets,9,Result,2,162
387,548360,7,3,2012-06-05,5,Wankhede Stadium,7,field,wickets,2,Result,7,147
388,548351,7,8,2012-04-29,5,Wankhede Stadium,7,field,wickets,5,Result,7,94
389,548330,7,6,2012-04-16,5,Wankhede Stadium,6,field,wickets,7,Result,6,293
390,392237,2,6,2009-05-19,2,New Wanderers Stadium,6,bat,wickets,7,Result,2,9
391,419169,2,8,2010-04-24,3,Dr DY Patil Sports Academy,8,bat,wickets,9,Result,2,124
392,501274,7,1,2011-05-25,4,Wankhede Stadium,7,field,wickets,4,Result,7,126
393,501273,2,3,2011-05-24,4,Wankhede Stadium,3,field,wickets,6,Result,3,21
394,829814,4,3,2015-05-16,8,Punjab Cricket Association Stadium Mohali,4,bat,wickets,7,Result,3,322
395,419127,7,1,2010-03-22,3,Brabourne Stadium,1,bat,wickets,7,Result,7,133
396,548339,7,4,2012-04-22,5,Wankhede Stadium,7,bat,wickets,6,Result,4,100
397,501215,7,9,2011-04-15,4,Wankhede Stadium,9,field,wickets,8,Result,9,2
398,419124,7,2,2010-03-20,3,Brabourne Stadium,7,bat,wickets,7,Result,2,9
399,419166,1,7,2010-04-19,3,Eden Gardens,7,bat,wickets,9,Result,1,83
400,336026,7,1,2008-05-16,1,Wankhede Stadium,7,field,wickets,8,Result,7,49
401,336023,7,3,2008-05-14,1,Wankhede Stadium,7,field,wickets,9,Result,7,44
402,419163,1,5,2010-04-17,3,Eden Gardens,5,bat,wickets,8,Result,1,346
403,981000,1,2,2016-05-16,9,Eden Gardens,2,field,wickets,9,Result,2,8
404,980980,1,13,2016-08-05,9,Eden Gardens,13,field,wickets,5,Result,13,14
405,336042,8,3,2008-05-27,1,Rajiv Gandhi International Stadium Uppal,8,bat,wickets,7,Result,3,21
406,980914,1,7,2016-04-13,9,Eden Gardens,7,field,wickets,6,Result,7,57
407,980908,1,6,2016-10-04,9,Eden Gardens,1,field,wickets,9,Result,1,334
408,829740,5,3,2015-04-19,8,Sardar Patel Stadium Motera,3,bat,wickets,8,Result,5,85
409,548331,5,8,2012-04-17,5,Sawai Mansingh Stadium,8,bat,wickets,5,Result,5,104
410,829728,1,3,2015-04-30,8,Eden Gardens,1,field,wickets,7,Result,1,334
411,829718,1,2,2015-11-04,8,Eden Gardens,2,field,wickets,3,Result,2,162
412,829710,1,7,2015-08-04,8,Eden Gardens,1,field,wickets,7,Result,1,190
413,336007,8,2,2008-05-25,1,Rajiv Gandhi International Stadium Uppal,8,bat,wickets,5,Result,2,81
414,734042,1,11,2014-05-24,7,Eden Gardens,1,field,wickets,4,Result,1,31
415,829726,5,7,2015-04-14,8,Sardar Patel Stadium Motera,7,bat,wickets,7,Result,5,306
416,734028,1,3,2014-05-20,7,Eden Gardens,1,field,wickets,8,Result,1,46
417,598003,1,6,2013-03-04,6,Eden Gardens,1,field,wickets,6,Result,1,315
418,548373,1,3,2012-05-14,5,Eden Gardens,3,field,wickets,5,Result,3,19
419,729314,6,7,2014-04-27,7,Sharjah Cricket Stadium,7,bat,wickets,6,Result,6,185
420,548312,1,6,2012-05-04,5,Eden Gardens,6,field,wickets,8,Result,6,29
421,501272,1,7,2011-05-22,4,Eden Gardens,7,field,wickets,5,Result,7,275
422,501239,1,4,2011-04-30,4,Eden Gardens,1,field,wickets,8,Result,1,140
423,501227,1,2,2011-04-22,4,Eden Gardens,2,field,wickets,9,Result,2,162
424,335993,8,6,2008-04-22,1,Rajiv Gandhi International Stadium Uppal,8,bat,wickets,9,Result,6,41
425,501219,1,5,2011-04-17,4,Eden Gardens,1,field,wickets,8,Result,1,151
426,419114,1,2,2010-03-14,3,Eden Gardens,1,field,wickets,7,Result,1,87
427,336032,1,5,2008-05-20,1,Eden Gardens,5,field,wickets,6,Result,5,31
428,598063,5,3,2013-12-05,6,Sawai Mansingh Stadium,5,field,wickets,5,Result,5,32
429,598041,5,2,2013-04-29,6,Sawai Mansingh Stadium,5,field,wickets,4,Result,5,351
430,598019,5,4,2013-04-14,6,Sawai Mansingh Stadium,5,field,wickets,6,Result,5,310
431,548371,4,8,2012-05-13,5,Punjab Cricket Association Stadium Mohali,8,bat,wickets,4,Result,4,4
432,548366,5,3,2012-10-05,5,Sawai Mansingh Stadium,3,field,wickets,4,Result,3,451
433,729294,1,6,2014-04-19,7,Dubai International Cricket Stadium,1,bat,wickets,4,Result,6,154
434,548344,4,7,2012-04-25,5,Punjab Cricket Association Stadium Mohali,4,bat,wickets,4,Result,7,208
435,501268,7,5,2011-05-20,4,Wankhede Stadium,7,bat,wickets,10,Result,5,32
436,501257,5,2,2011-11-05,4,Sawai Mansingh Stadium,2,field,wickets,9,Result,2,270
437,548333,4,1,2012-04-18,5,Punjab Cricket Association Stadium Mohali,4,bat,wickets,8,Result,1,40
438,501240,5,10,2011-01-05,4,Sawai Mansingh Stadium,5,field,wickets,6,Result,5,52
439,501236,5,7,2011-04-29,4,Sawai Mansingh Stadium,5,field,wickets,7,Result,5,192
440,501230,5,9,2011-04-24,4,Sawai Mansingh Stadium,5,field,wickets,8,Result,5,38
441,501214,5,1,2011-04-15,4,Sawai Mansingh Stadium,1,field,wickets,9,Result,1,40
442,829794,3,7,2015-08-05,8,MA Chidambaram Stadium Chepauk,3,bat,wickets,6,Result,7,400
443,336041,5,7,2008-05-26,1,Sawai Mansingh Stadium,5,field,wickets,5,Result,5,102
444,419144,1,4,2010-04-04,3,Eden Gardens,1,bat,wickets,8,Result,4,64
445,336020,5,6,2008-11-05,1,Sawai Mansingh Stadium,5,field,wickets,3,Result,5,32
446,336016,5,8,2008-09-05,1,Sawai Mansingh Stadium,5,field,wickets,8,Result,5,31
447,980988,11,6,2016-12-05,9,Rajiv Gandhi International Stadium Uppal,6,field,wickets,7,Result,6,350
448,980972,11,13,2016-06-05,9,Rajiv Gandhi International Stadium Uppal,11,field,wickets,5,Result,11,299
449,501253,4,10,2011-08-05,4,Punjab Cricket Association Stadium Mohali,4,bat,wickets,5,Result,10,235
450,598014,10,5,2013-11-04,6,Subrata Roy Sahara Stadium,5,bat,wickets,7,Result,10,254
451,980940,11,4,2016-04-23,9,Rajiv Gandhi International Stadium Uppal,11,field,wickets,5,Result,11,460
452,980928,11,7,2016-04-18,9,Rajiv Gandhi International Stadium Uppal,11,field,wickets,7,Result,11,187
453,829806,6,3,2015-12-05,8,Shaheed Veer Narayan Singh International Stadium,3,bat,wickets,6,Result,6,15
454,734012,11,4,2014-05-14,7,Rajiv Gandhi International Stadium Uppal,4,field,wickets,6,Result,4,62
455,419151,4,7,2010-09-04,3,Punjab Cricket Association Stadium Mohali,7,bat,wickets,6,Result,4,26
456,419141,4,2,2010-02-04,3,Punjab Cricket Association Stadium Mohali,4,bat,wickets,6,Result,2,158
457,980942,13,2,2016-04-24,9,Saurashtra Cricket Association Stadium,2,bat,wickets,6,Result,13,8
458,729308,3,7,2014-04-25,7,Dubai International Cricket Stadium,7,bat,wickets,7,Result,3,364
459,501248,8,6,2011-05-05,4,Rajiv Gandhi International Stadium Uppal,6,field,wickets,4,Result,6,41
460,598008,10,4,2013-07-04,6,Subrata Roy Sahara Stadium,10,bat,wickets,8,Result,4,345
461,501223,7,10,2011-04-20,4,Wankhede Stadium,10,bat,wickets,7,Result,7,126
462,501217,8,4,2011-04-16,4,Rajiv Gandhi International Stadium Uppal,4,field,wickets,8,Result,4,167
463,392203,6,5,2009-04-28,2,SuperSport Park,6,bat,wickets,5,Result,5,31
464,501204,8,5,2011-09-04,4,Rajiv Gandhi International Stadium Uppal,5,field,wickets,8,Result,5,39
465,336021,4,2,2008-12-05,1,Punjab Cricket Association Stadium Mohali,2,bat,wickets,9,Result,4,100
466,336004,8,4,2008-01-05,1,Rajiv Gandhi International Stadium Uppal,4,field,wickets,7,Result,4,100
467,335995,8,5,2008-04-24,1,Rajiv Gandhi International Stadium Uppal,5,field,wickets,3,Result,5,31
468,336044,3,4,2008-05-31,1,Wankhede Stadium,4,bat,wickets,9,Result,3,122
469,336000,4,6,2008-04-27,1,Punjab Cricket Association Stadium Mohali,6,bat,wickets,4,Result,4,28
470,336040,1,4,2008-05-25,1,Eden Gardens,4,bat,wickets,3,Result,1,105
471,598017,3,2,2013-04-13,6,MA Chidambaram Stadium Chepauk,3,field,wickets,4,Result,3,35
472,392189,8,1,2009-04-19,2,Newlands,1,bat,wickets,8,Result,8,61
473,548369,3,6,2012-12-05,5,MA Chidambaram Stadium Chepauk,3,field,wickets,9,Result,3,451
474,598035,3,11,2013-04-25,6,MA Chidambaram Stadium Chepauk,11,bat,wickets,5,Result,3,20
475,548311,3,7,2012-04-04,5,MA Chidambaram Stadium Chepauk,7,field,wickets,8,Result,7,304
476,598031,3,5,2013-04-22,6,MA Chidambaram Stadium Chepauk,5,bat,wickets,5,Result,3,19
477,598045,6,1,2013-01-05,6,Shaheed Veer Narayan Singh International Stadium,1,bat,wickets,7,Result,6,187
478,392220,6,7,2009-08-05,2,Buffalo Park,7,bat,wickets,7,Result,6,73
479,336012,3,8,2008-06-05,1,MA Chidambaram Stadium Chepauk,8,field,wickets,7,Result,8,53
480,335990,7,2,2008-04-20,1,Wankhede Stadium,7,bat,wickets,5,Result,2,11
481,501267,10,1,2011-05-19,4,Dr DY Patil Sports Academy,1,field,wickets,7,Result,1,31
482,501264,10,8,2011-05-16,4,Dr DY Patil Sports Academy,8,field,wickets,6,Result,8,136
483,548386,1,3,2012-05-27,5,MA Chidambaram Stadium Chepauk,3,bat,wickets,5,Result,1,214
484,501218,10,6,2011-04-17,4,Dr DY Patil Sports Academy,6,field,wickets,3,Result,6,27
485,419131,5,8,2010-03-26,3,Sardar Patel Stadium Motera,8,bat,wickets,8,Result,5,31
486,980924,4,12,2016-04-17,9,Punjab Cricket Association IS Bindra Stadium Mohali,12,bat,wickets,6,Result,4,345
487,336045,3,5,2008-01-06,1,Dr DY Patil Sports Academy,5,field,wickets,3,Result,5,31
488,336013,7,5,2008-07-05,1,Dr DY Patil Sports Academy,7,field,wickets,7,Result,7,73
489,392232,3,7,2009-05-16,2,St George's Park,7,bat,wickets,7,Result,3,18
490,335999,7,8,2008-04-27,1,Dr DY Patil Sports Academy,8,field,wickets,10,Result,8,53
491,392188,6,4,2009-04-19,2,Newlands,6,field,wickets,10,Result,6,175
492,548352,3,1,2012-04-30,5,MA Chidambaram Stadium Chepauk,3,bat,wickets,5,Result,1,40
493,392238,1,5,2009-05-20,2,Kingsmead,1,field,wickets,4,Result,1,63
494,980994,1,12,2016-05-14,9,Eden Gardens,12,bat,wickets,8,Result,1,31
495,548337,3,5,2012-04-21,5,MA Chidambaram Stadium Chepauk,5,bat,wickets,7,Result,3,303
496,392201,3,8,2009-04-27,2,Kingsmead,8,field,wickets,6,Result,8,97
497,419148,5,4,2010-07-04,3,Sawai Mansingh Stadium,4,bat,wickets,9,Result,5,224
498,392242,6,8,2009-05-22,2,SuperSport Park,8,field,wickets,6,Result,8,53
499,392240,6,7,2009-05-21,2,SuperSport Park,6,field,wickets,4,Result,6,41
500,392226,2,1,2009-12-05,2,SuperSport Park,2,field,wickets,6,Result,2,52
501,392218,2,5,2009-07-05,2,SuperSport Park,5,field,wickets,7,Result,5,196
502,548323,3,2,2012-12-04,5,MA Chidambaram Stadium Chepauk,2,bat,wickets,5,Result,3,303
503,392206,8,6,2009-04-30,2,SuperSport Park,6,field,wickets,6,Result,6,223
504,733990,6,1,2014-07-05,7,Feroz Shah Kotla,6,bat,wickets,8,Result,1,40
505,392243,2,3,2009-05-23,2,New Wanderers Stadium,2,field,wickets,6,Result,2,96
506,729316,11,3,2014-04-27,7,Sharjah Cricket Stadium,11,bat,wickets,5,Result,3,147
507,392233,8,1,2009-05-16,2,New Wanderers Stadium,8,field,wickets,6,Result,8,57
508,392224,6,1,2009-10-05,2,New Wanderers Stadium,6,field,wickets,7,Result,6,136
509,392212,4,1,2009-03-05,2,St George's Park,1,bat,wickets,6,Result,4,64
510,392221,8,4,2009-09-05,2,De Beers Diamond Oval,4,field,wickets,3,Result,4,64
511,392231,6,4,2009-05-15,2,OUTsurance Oval,4,field,wickets,6,Result,4,66
512,598076,5,11,2013-05-22,6,Feroz Shah Kotla,11,bat,wickets,4,Result,5,104
513,392210,8,5,2009-02-05,2,St George's Park,8,bat,wickets,3,Result,5,31
514,734050,3,7,2014-05-28,7,Brabourne Stadium,3,field,wickets,7,Result,3,21
515,419137,7,4,2010-03-30,3,Brabourne Stadium,7,field,wickets,4,Result,7,194
516,419130,7,3,2010-03-25,3,Brabourne Stadium,7,field,wickets,5,Result,7,133
517,829754,5,2,2015-04-24,8,Sardar Patel Stadium Motera,2,field,wickets,9,Result,2,378
518,548363,10,5,2012-08-05,5,Subrata Roy Sahara Stadium,10,bat,wickets,7,Result,5,32
519,336010,5,3,2008-04-05,1,Sawai Mansingh Stadium,3,bat,wickets,8,Result,5,102
520,598029,6,7,2013-04-21,6,Feroz Shah Kotla,7,bat,wickets,9,Result,6,41
521,419116,5,6,2010-03-15,3,Sardar Patel Stadium Motera,6,field,wickets,6,Result,6,41
522,734014,1,7,2014-05-14,7,Barabati Stadium,1,field,wickets,6,Result,1,46
523,734002,4,1,2014-11-05,7,Barabati Stadium,1,field,wickets,9,Result,1,40
524,392199,2,6,2009-04-26,2,St George's Park,2,bat,wickets,6,Result,6,135
525,548340,8,1,2012-04-22,5,Barabati Stadium,1,field,wickets,5,Result,1,66
526,598015,6,11,2013-12-04,6,Feroz Shah Kotla,6,bat,wickets,3,Result,11,136
527,829796,1,4,2015-09-05,8,Eden Gardens,4,bat,wickets,1,Result,1,334
528,980990,7,4,2016-05-13,9,Dr. Y.S. Rajasekhara Reddy ACA-VDCA Cricket Stadium,7,bat,wickets,7,Result,4,409
529,548374,6,4,2012-05-15,5,Feroz Shah Kotla,4,bat,wickets,5,Result,6,232
530,548379,4,6,2012-05-19,5,Himachal Pradesh Cricket Association Stadium,6,field,wickets,6,Result,6,232
531,548376,4,3,2012-05-17,5,Himachal Pradesh Cricket Association Stadium,4,field,wickets,6,Result,4,53
532,548362,6,1,2012-07-05,5,Feroz Shah Kotla,6,bat,wickets,6,Result,1,9
533,336002,1,7,2008-04-29,1,Eden Gardens,1,bat,wickets,7,Result,7,44
534,419164,4,3,2010-04-18,3,Himachal Pradesh Cricket Association Stadium,3,field,wickets,6,Result,3,20
535,419161,4,8,2010-04-16,3,Himachal Pradesh Cricket Association Stadium,8,field,wickets,5,Result,8,57
536,501245,3,5,2011-04-05,4,MA Chidambaram Stadium Chepauk,5,bat,wickets,8,Result,3,19
537,335991,1,8,2008-04-20,1,Eden Gardens,8,bat,wickets,5,Result,1,4
538,501220,9,3,2011-04-18,4,Nehru Stadium,9,field,wickets,7,Result,9,2
539,501263,9,5,2011-05-15,4,Holkar Cricket Stadium,9,field,wickets,8,Result,9,104
540,501259,9,4,2011-05-13,4,Holkar Cricket Stadium,4,field,wickets,6,Result,4,88
541,548326,6,8,2012-04-19,5,Feroz Shah Kotla,8,bat,wickets,5,Result,6,158
542,829730,4,6,2015-04-15,8,Maharashtra Cricket Association Stadium,4,bat,wickets,5,Result,6,260
543,392236,3,1,2009-05-18,2,SuperSport Park,3,bat,wickets,7,Result,1,104
544,392229,2,3,2009-05-14,2,Kingsmead,3,bat,wickets,2,Result,2,52
545,829732,11,5,2015-04-16,8,Dr. Y.S. Rajasekhara Reddy ACA-VDCA Cricket Stadium,5,field,wickets,6,Result,5,85
546,419160,3,6,2010-04-15,3,MA Chidambaram Stadium Chepauk,3,bat,wickets,6,Result,6,40
547,419158,3,1,2010-04-13,3,MA Chidambaram Stadium Chepauk,1,bat,wickets,9,Result,3,201
548,980916,13,12,2016-04-14,9,Saurashtra Cricket Association Stadium,12,bat,wickets,7,Result,13,254
549,981016,6,2,2016-05-22,9,Shaheed Veer Narayan Singh International Stadium,2,field,wickets,6,Result,2,8
550,981008,6,11,2016-05-20,9,Shaheed Veer Narayan Singh International Stadium,6,field,wickets,6,Result,6,339
551,501206,6,7,2011-10-04,4,Feroz Shah Kotla,6,bat,wickets,8,Result,7,194
552,829826,3,2,2015-05-22,8,JSCA International Stadium Complex,3,field,wickets,3,Result,3,73
553,734034,3,11,2014-05-22,7,JSCA International Stadium Complex,11,field,wickets,6,Result,11,187
554,392216,6,1,2009-05-05,2,Kingsmead,1,bat,wickets,9,Result,6,40
555,598062,1,2,2013-12-05,6,JSCA International Stadium Complex,1,field,wickets,5,Result,1,9
556,419154,6,4,2010-11-04,3,Feroz Shah Kotla,6,bat,wickets,7,Result,4,67
557,729310,5,2,2014-04-26,7,Sheikh Zayed Stadium,5,field,wickets,6,Result,5,370
558,729290,11,5,2014-04-18,7,Sheikh Zayed Stadium,5,field,wickets,4,Result,5,85
559,598054,5,6,2013-07-05,6,Sawai Mansingh Stadium,6,bat,wickets,9,Result,5,85
560,598052,5,10,2013-05-05,6,Sawai Mansingh Stadium,10,bat,wickets,5,Result,5,85
561,729296,5,4,2014-04-20,7,Sharjah Cricket Stadium,4,field,wickets,7,Result,4,305
562,729286,6,2,2014-04-17,7,Sharjah Cricket Stadium,2,field,wickets,8,Result,2,382
563,980952,7,1,2016-04-28,9,Wankhede Stadium,7,field,wickets,6,Result,7,57
564,729318,4,2,2014-04-28,7,Dubai International Cricket Stadium,4,field,wickets,5,Result,4,367
565,419121,6,3,2010-03-19,3,Feroz Shah Kotla,6,bat,wickets,5,Result,3,18
566,729292,2,7,2014-04-19,7,Dubai International Cricket Stadium,2,field,wickets,7,Result,2,17
567,980962,12,7,2016-01-05,9,Maharashtra Cricket Association Stadium,7,field,wickets,8,Result,7,57
